[{"model": "admin.logentry", "pk": 1, "fields": {"action_time": "2022-10-29T08:23:03.648Z", "user": 1, "content_type": 7, "object_id": "1", "object_repr": "Categories object (1)", "action_flag": 1, "change_message": "[{\"added\": {}}]"}}, {"model": "admin.logentry", "pk": 2, "fields": {"action_time": "2022-10-29T08:29:36.187Z", "user": 1, "content_type": 7, "object_id": "2", "object_repr": "beauty", "action_flag": 1, "change_message": "[{\"added\": {}}]"}}, {"model": "admin.logentry", "pk": 3, "fields": {"action_time": "2022-10-29T08:29:47.639Z", "user": 1, "content_type": 7, "object_id": "3", "object_repr": "toys", "action_flag": 1, "change_message": "[{\"added\": {}}]"}}, {"model": "admin.logentry", "pk": 4, "fields": {"action_time": "2022-10-29T08:29:57.580Z", "user": 1, "content_type": 7, "object_id": "4", "object_repr": "furniture", "action_flag": 1, "change_message": "[{\"added\": {}}]"}}, {"model": "admin.logentry", "pk": 5, "fields": {"action_time": "2022-10-29T08:34:58.995Z", "user": 1, "content_type": 7, "object_id": "4", "object_repr": "furniture", "action_flag": 2, "change_message": "[{\"changed\": {\"fields\": [\"Image\"]}}]"}}, {"model": "admin.logentry", "pk": 6, "fields": {"action_time": "2022-10-29T08:35:05.962Z", "user": 1, "content_type": 7, "object_id": "3", "object_repr": "toys", "action_flag": 2, "change_message": "[{\"changed\": {\"fields\": [\"Image\"]}}]"}}, {"model": "admin.logentry", "pk": 7, "fields": {"action_time": "2022-10-29T08:35:10.330Z", "user": 1, "content_type": 7, "object_id": "2", "object_repr": "beauty", "action_flag": 2, "change_message": "[{\"changed\": {\"fields\": [\"Image\"]}}]"}}, {"model": "admin.logentry", "pk": 8, "fields": {"action_time": "2022-10-29T08:35:16.509Z", "user": 1, "content_type": 7, "object_id": "1", "object_repr": "electronics", "action_flag": 2, "change_message": "[{\"changed\": {\"fields\": [\"Image\"]}}]"}}, {"model": "admin.logentry", "pk": 9, "fields": {"action_time": "2022-10-29T08:37:59.270Z", "user": 1, "content_type": 7, "object_id": "4", "object_repr": "furniture", "action_flag": 2, "change_message": "[{\"changed\": {\"fields\": [\"Image\"]}}]"}}, {"model": "admin.logentry", "pk": 10, "fields": {"action_time": "2022-10-29T08:40:06.751Z", "user": 1, "content_type": 7, "object_id": "4", "object_repr": "furniture", "action_flag": 2, "change_message": "[{\"changed\": {\"fields\": [\"Image\"]}}]"}}, {"model": "admin.logentry", "pk": 11, "fields": {"action_time": "2022-10-29T08:40:34.649Z", "user": 1, "content_type": 7, "object_id": "3", "object_repr": "toys", "action_flag": 2, "change_message": "[{\"changed\": {\"fields\": [\"Image\"]}}]"}}, {"model": "admin.logentry", "pk": 12, "fields": {"action_time": "2022-10-29T08:40:40.055Z", "user": 1, "content_type": 7, "object_id": "2", "object_repr": "beauty", "action_flag": 2, "change_message": "[{\"changed\": {\"fields\": [\"Image\"]}}]"}}, {"model": "admin.logentry", "pk": 13, "fields": {"action_time": "2022-10-29T08:40:45.164Z", "user": 1, "content_type": 7, "object_id": "1", "object_repr": "electronics", "action_flag": 2, "change_message": "[{\"changed\": {\"fields\": [\"Image\"]}}]"}}, {"model": "admin.logentry", "pk": 14, "fields": {"action_time": "2022-11-01T09:54:01.220Z", "user": 1, "content_type": 8, "object_id": "1", "object_repr": "Seagate Portable 2TB External Hard Drive Portable HDD – USB 3.0 for PC, Mac, PlayStation, & Xbox - 1-Year Rescue Service (STGX2000400)", "action_flag": 1, "change_message": "[{\"added\": {}}]"}}, {"model": "admin.logentry", "pk": 15, "fields": {"action_time": "2022-11-01T09:55:18.885Z", "user": 1, "content_type": 8, "object_id": "1", "object_repr": "Seagate Portable 2TB External Hard Drive Portable HDD – USB 3.0 for PC, Mac, PlayStation, & Xbox - 1-Year Rescue Service (STGX2000400)", "action_flag": 2, "change_message": "[{\"changed\": {\"fields\": [\"Note\"]}}]"}}, {"model": "admin.logentry", "pk": 16, "fields": {"action_time": "2022-11-01T10:13:29.414Z", "user": 1, "content_type": 8, "object_id": "1", "object_repr": "Seagate Portable 2TB External Hard Drive Portable HDD – USB 3.0 for PC, Mac, PlayStation, & Xbox - 1-Year Rescue Service (STGX2000400)", "action_flag": 2, "change_message": "[{\"added\": {\"name\": \"product images\", \"object\": \"ProductImages object (1)\"}}, {\"added\": {\"name\": \"product images\", \"object\": \"ProductImages object (2)\"}}, {\"added\": {\"name\": \"product images\", \"object\": \"ProductImages object (3)\"}}, {\"added\": {\"name\": \"product images\", \"object\": \"ProductImages object (4)\"}}, {\"added\": {\"name\": \"product images\", \"object\": \"ProductImages object (5)\"}}]"}}, {"model": "admin.logentry", "pk": 17, "fields": {"action_time": "2022-11-01T14:49:09.372Z", "user": 1, "content_type": 8, "object_id": "1", "object_repr": "electronics - Seagate Portable 2TB External Hard Drive Portable HDD – USB 3.0 for PC, Mac, PlayStation, & Xbox - 1-Year Rescue Service (STGX2000400)", "action_flag": 2, "change_message": "[{\"changed\": {\"fields\": [\"Short_title\"]}}]"}}, {"model": "admin.logentry", "pk": 18, "fields": {"action_time": "2022-11-01T15:04:08.980Z", "user": 1, "content_type": 8, "object_id": "1", "object_repr": "electronics - Seagate Portable 2TB External Hard Drive", "action_flag": 2, "change_message": "[]"}}, {"model": "admin.logentry", "pk": 19, "fields": {"action_time": "2022-11-01T15:05:12.770Z", "user": 1, "content_type": 8, "object_id": "2", "object_repr": "electronics - Logitech MK270 Wireless Keyboard And Mouse Combo", "action_flag": 1, "change_message": "[{\"added\": {}}]"}}, {"model": "admin.logentry", "pk": 20, "fields": {"action_time": "2022-11-01T15:08:38.791Z", "user": 1, "content_type": 8, "object_id": "2", "object_repr": "electronics - Logitech MK270 Wireless Keyboard And Mouse Combo", "action_flag": 2, "change_message": "[{\"changed\": {\"fields\": [\"Description\", \"About list of items\", \"Note\"]}}, {\"added\": {\"name\": \"product images\", \"object\": \"Logitech MK270 Wireless Keyboard And Mouse Combo\"}}, {\"added\": {\"name\": \"product images\", \"object\": \"Logitech MK270 Wireless Keyboard And Mouse Combo\"}}, {\"added\": {\"name\": \"product images\", \"object\": \"Logitech MK270 Wireless Keyboard And Mouse Combo\"}}, {\"added\": {\"name\": \"product images\", \"object\": \"Logitech MK270 Wireless Keyboard And Mouse Combo\"}}, {\"added\": {\"name\": \"product images\", \"object\": \"Logitech MK270 Wireless Keyboard And Mouse Combo\"}}]"}}, {"model": "admin.logentry", "pk": 21, "fields": {"action_time": "2022-11-01T15:14:59.010Z", "user": 1, "content_type": 8, "object_id": "3", "object_repr": "electronics - SAMSUNG 980 PRO SSD 2TB PCIe NVMe Gen 4 Gaming M.2", "action_flag": 1, "change_message": "[{\"added\": {}}, {\"added\": {\"name\": \"product images\", \"object\": \"SAMSUNG 980 PRO SSD 2TB PCIe NVMe Gen 4 Gaming M.2\"}}, {\"added\": {\"name\": \"product images\", \"object\": \"SAMSUNG 980 PRO SSD 2TB PCIe NVMe Gen 4 Gaming M.2\"}}, {\"added\": {\"name\": \"product images\", \"object\": \"SAMSUNG 980 PRO SSD 2TB PCIe NVMe Gen 4 Gaming M.2\"}}, {\"added\": {\"name\": \"product images\", \"object\": \"SAMSUNG 980 PRO SSD 2TB PCIe NVMe Gen 4 Gaming M.2\"}}, {\"added\": {\"name\": \"product images\", \"object\": \"SAMSUNG 980 PRO SSD 2TB PCIe NVMe Gen 4 Gaming M.2\"}}]"}}, {"model": "admin.logentry", "pk": 22, "fields": {"action_time": "2022-11-01T15:21:37.442Z", "user": 1, "content_type": 8, "object_id": "4", "object_repr": "electronics - hp-24mh-fhd-monitor-computer-monitor", "action_flag": 1, "change_message": "[{\"added\": {}}, {\"added\": {\"name\": \"product images\", \"object\": \"hp-24mh-fhd-monitor-computer-monitor\"}}, {\"added\": {\"name\": \"product images\", \"object\": \"hp-24mh-fhd-monitor-computer-monitor\"}}, {\"added\": {\"name\": \"product images\", \"object\": \"hp-24mh-fhd-monitor-computer-monitor\"}}, {\"added\": {\"name\": \"product images\", \"object\": \"hp-24mh-fhd-monitor-computer-monitor\"}}, {\"added\": {\"name\": \"product images\", \"object\": \"hp-24mh-fhd-monitor-computer-monitor\"}}]"}}, {"model": "admin.logentry", "pk": 23, "fields": {"action_time": "2022-11-01T15:25:45.657Z", "user": 1, "content_type": 8, "object_id": "5", "object_repr": "electronics - Syntech USB C to USB Adapter", "action_flag": 1, "change_message": "[{\"added\": {}}, {\"added\": {\"name\": \"product images\", \"object\": \"Syntech USB C to USB Adapter\"}}, {\"added\": {\"name\": \"product images\", \"object\": \"Syntech USB C to USB Adapter\"}}, {\"added\": {\"name\": \"product images\", \"object\": \"Syntech USB C to USB Adapter\"}}, {\"added\": {\"name\": \"product images\", \"object\": \"Syntech USB C to USB Adapter\"}}, {\"added\": {\"name\": \"product images\", \"object\": \"Syntech USB C to USB Adapter\"}}]"}}, {"model": "admin.logentry", "pk": 24, "fields": {"action_time": "2022-11-01T15:31:41.812Z", "user": 1, "content_type": 8, "object_id": "6", "object_repr": "beauty - essence-lash-princess", "action_flag": 1, "change_message": "[{\"added\": {}}, {\"added\": {\"name\": \"product images\", \"object\": \"essence-lash-princess\"}}, {\"added\": {\"name\": \"product images\", \"object\": \"essence-lash-princess\"}}, {\"added\": {\"name\": \"product images\", \"object\": \"essence-lash-princess\"}}, {\"added\": {\"name\": \"product images\", \"object\": \"essence-lash-princess\"}}, {\"added\": {\"name\": \"product images\", \"object\": \"essence-lash-princess\"}}]"}}, {"model": "admin.logentry", "pk": 25, "fields": {"action_time": "2022-11-03T06:35:53.939Z", "user": 1, "content_type": 8, "object_id": "6", "object_repr": "beauty - essence-lash-princess", "action_flag": 2, "change_message": "[]"}}, {"model": "admin.logentry", "pk": 26, "fields": {"action_time": "2022-11-03T06:43:32.665Z", "user": 1, "content_type": 8, "object_id": "7", "object_repr": "beauty - Neutrogena Makeup Remover Cleansing Face Wipes", "action_flag": 1, "change_message": "[{\"added\": {}}]"}}, {"model": "admin.logentry", "pk": 27, "fields": {"action_time": "2022-11-03T06:43:42.734Z", "user": 1, "content_type": 8, "object_id": "1", "object_repr": "electronics - Seagate Portable 2TB External Hard Drive", "action_flag": 2, "change_message": "[{\"changed\": {\"fields\": [\"Rating\"]}}]"}}, {"model": "admin.logentry", "pk": 28, "fields": {"action_time": "2022-11-03T06:43:49.909Z", "user": 1, "content_type": 8, "object_id": "2", "object_repr": "electronics - Logitech MK270 Wireless Keyboard And Mouse Combo", "action_flag": 2, "change_message": "[{\"changed\": {\"fields\": [\"Rating\"]}}]"}}, {"model": "admin.logentry", "pk": 29, "fields": {"action_time": "2022-11-03T06:43:56.761Z", "user": 1, "content_type": 8, "object_id": "3", "object_repr": "electronics - SAMSUNG 980 PRO SSD 2TB PCIe NVMe Gen 4 Gaming M.2", "action_flag": 2, "change_message": "[{\"changed\": {\"fields\": [\"Rating\"]}}]"}}, {"model": "admin.logentry", "pk": 30, "fields": {"action_time": "2022-11-03T06:44:03.330Z", "user": 1, "content_type": 8, "object_id": "4", "object_repr": "electronics - hp-24mh-fhd-monitor-computer-monitor", "action_flag": 2, "change_message": "[{\"changed\": {\"fields\": [\"Rating\"]}}]"}}, {"model": "admin.logentry", "pk": 31, "fields": {"action_time": "2022-11-03T06:44:09.482Z", "user": 1, "content_type": 8, "object_id": "5", "object_repr": "electronics - Syntech USB C to USB Adapter", "action_flag": 2, "change_message": "[{\"changed\": {\"fields\": [\"Rating\"]}}]"}}, {"model": "admin.logentry", "pk": 32, "fields": {"action_time": "2022-11-03T06:44:15.562Z", "user": 1, "content_type": 8, "object_id": "6", "object_repr": "beauty - essence-lash-princess", "action_flag": 2, "change_message": "[{\"changed\": {\"fields\": [\"Rating\"]}}]"}}, {"model": "admin.logentry", "pk": 33, "fields": {"action_time": "2022-11-03T06:44:21.864Z", "user": 1, "content_type": 8, "object_id": "7", "object_repr": "beauty - Neutrogena Makeup Remover Cleansing Face Wipes", "action_flag": 2, "change_message": "[{\"changed\": {\"fields\": [\"Rating\"]}}]"}}, {"model": "admin.logentry", "pk": 34, "fields": {"action_time": "2022-11-03T06:44:44.714Z", "user": 1, "content_type": 8, "object_id": "7", "object_repr": "beauty - Neutrogena Makeup Remover Cleansing Face Wipes", "action_flag": 2, "change_message": "[{\"added\": {\"name\": \"product images\", \"object\": \"Neutrogena Makeup Remover Cleansing Face Wipes\"}}, {\"added\": {\"name\": \"product images\", \"object\": \"Neutrogena Makeup Remover Cleansing Face Wipes\"}}, {\"added\": {\"name\": \"product images\", \"object\": \"Neutrogena Makeup Remover Cleansing Face Wipes\"}}, {\"added\": {\"name\": \"product images\", \"object\": \"Neutrogena Makeup Remover Cleansing Face Wipes\"}}, {\"added\": {\"name\": \"product images\", \"object\": \"Neutrogena Makeup Remover Cleansing Face Wipes\"}}]"}}, {"model": "admin.logentry", "pk": 35, "fields": {"action_time": "2022-11-03T06:49:31.121Z", "user": 1, "content_type": 8, "object_id": "8", "object_repr": "beauty - Mielle Organics Rosemary Mint Scalp & Hair Strengthening", "action_flag": 1, "change_message": "[{\"added\": {}}, {\"added\": {\"name\": \"product images\", \"object\": \"Mielle Organics Rosemary Mint Scalp & Hair Strengthening\"}}, {\"added\": {\"name\": \"product images\", \"object\": \"Mielle Organics Rosemary Mint Scalp & Hair Strengthening\"}}, {\"added\": {\"name\": \"product images\", \"object\": \"Mielle Organics Rosemary Mint Scalp & Hair Strengthening\"}}, {\"added\": {\"name\": \"product images\", \"object\": \"Mielle Organics Rosemary Mint Scalp & Hair Strengthening\"}}, {\"added\": {\"name\": \"product images\", \"object\": \"Mielle Organics Rosemary Mint Scalp & Hair Strengthening\"}}]"}}, {"model": "admin.logentry", "pk": 36, "fields": {"action_time": "2022-11-03T06:53:21.482Z", "user": 1, "content_type": 8, "object_id": "9", "object_repr": "beauty - Foaming Wash Benzoyl", "action_flag": 1, "change_message": "[{\"added\": {}}, {\"added\": {\"name\": \"product images\", \"object\": \"Foaming Wash Benzoyl\"}}, {\"added\": {\"name\": \"product images\", \"object\": \"Foaming Wash Benzoyl\"}}, {\"added\": {\"name\": \"product images\", \"object\": \"Foaming Wash Benzoyl\"}}, {\"added\": {\"name\": \"product images\", \"object\": \"Foaming Wash Benzoyl\"}}, {\"added\": {\"name\": \"product images\", \"object\": \"Foaming Wash Benzoyl\"}}]"}}, {"model": "admin.logentry", "pk": 37, "fields": {"action_time": "2022-11-03T06:58:22.813Z", "user": 1, "content_type": 8, "object_id": "10", "object_repr": "beauty - Nizoral Anti-Dandruff Shampoo", "action_flag": 1, "change_message": "[{\"added\": {}}, {\"added\": {\"name\": \"product images\", \"object\": \"Nizoral Anti-Dandruff Shampoo\"}}, {\"added\": {\"name\": \"product images\", \"object\": \"Nizoral Anti-Dandruff Shampoo\"}}, {\"added\": {\"name\": \"product images\", \"object\": \"Nizoral Anti-Dandruff Shampoo\"}}, {\"added\": {\"name\": \"product images\", \"object\": \"Nizoral Anti-Dandruff Shampoo\"}}, {\"added\": {\"name\": \"product images\", \"object\": \"Nizoral Anti-Dandruff Shampoo\"}}]"}}, {"model": "admin.logentry", "pk": 38, "fields": {"action_time": "2022-11-03T06:59:13.931Z", "user": 1, "content_type": 8, "object_id": "10", "object_repr": "beauty - Nizoral Anti-Dandruff Shampoo", "action_flag": 2, "change_message": "[]"}}, {"model": "admin.logentry", "pk": 39, "fields": {"action_time": "2022-11-03T07:04:31.141Z", "user": 1, "content_type": 8, "object_id": "11", "object_repr": "toys - Paw Patrol Jet to The Rescue Deluxe", "action_flag": 1, "change_message": "[{\"added\": {}}, {\"added\": {\"name\": \"product images\", \"object\": \"Paw Patrol Jet to The Rescue Deluxe\"}}, {\"added\": {\"name\": \"product images\", \"object\": \"Paw Patrol Jet to The Rescue Deluxe\"}}, {\"added\": {\"name\": \"product images\", \"object\": \"Paw Patrol Jet to The Rescue Deluxe\"}}, {\"added\": {\"name\": \"product images\", \"object\": \"Paw Patrol Jet to The Rescue Deluxe\"}}, {\"added\": {\"name\": \"product images\", \"object\": \"Paw Patrol Jet to The Rescue Deluxe\"}}]"}}, {"model": "admin.logentry", "pk": 40, "fields": {"action_time": "2022-11-03T07:08:57.355Z", "user": 1, "content_type": 8, "object_id": "12", "object_repr": "toys - Funko Schitt's Creek", "action_flag": 1, "change_message": "[{\"added\": {}}, {\"added\": {\"name\": \"product images\", \"object\": \"Funko Schitt's Creek\"}}, {\"added\": {\"name\": \"product images\", \"object\": \"Funko Schitt's Creek\"}}, {\"added\": {\"name\": \"product images\", \"object\": \"Funko Schitt's Creek\"}}, {\"added\": {\"name\": \"product images\", \"object\": \"Funko Schitt's Creek\"}}, {\"added\": {\"name\": \"product images\", \"object\": \"Funko Schitt's Creek\"}}]"}}, {"model": "admin.logentry", "pk": 41, "fields": {"action_time": "2022-11-03T07:14:09.997Z", "user": 1, "content_type": 8, "object_id": "13", "object_repr": "toys - 100 Words Book", "action_flag": 1, "change_message": "[{\"added\": {}}, {\"added\": {\"name\": \"product images\", \"object\": \"100 Words Book\"}}, {\"added\": {\"name\": \"product images\", \"object\": \"100 Words Book\"}}, {\"added\": {\"name\": \"product images\", \"object\": \"100 Words Book\"}}, {\"added\": {\"name\": \"product images\", \"object\": \"100 Words Book\"}}, {\"added\": {\"name\": \"product images\", \"object\": \"100 Words Book\"}}]"}}, {"model": "admin.logentry", "pk": 42, "fields": {"action_time": "2022-11-03T07:18:52.197Z", "user": 1, "content_type": 8, "object_id": "14", "object_repr": "toys - Lite-Brite Ultimate", "action_flag": 1, "change_message": "[{\"added\": {}}, {\"added\": {\"name\": \"product images\", \"object\": \"Lite-Brite Ultimate\"}}, {\"added\": {\"name\": \"product images\", \"object\": \"Lite-Brite Ultimate\"}}, {\"added\": {\"name\": \"product images\", \"object\": \"Lite-Brite Ultimate\"}}, {\"added\": {\"name\": \"product images\", \"object\": \"Lite-Brite Ultimate\"}}, {\"added\": {\"name\": \"product images\", \"object\": \"Lite-Brite Ultimate\"}}]"}}, {"model": "admin.logentry", "pk": 43, "fields": {"action_time": "2022-11-03T07:23:21.207Z", "user": 1, "content_type": 8, "object_id": "15", "object_repr": "toys - LEGO Star Wars 2022", "action_flag": 1, "change_message": "[{\"added\": {}}, {\"added\": {\"name\": \"product images\", \"object\": \"LEGO Star Wars 2022\"}}, {\"added\": {\"name\": \"product images\", \"object\": \"LEGO Star Wars 2022\"}}, {\"added\": {\"name\": \"product images\", \"object\": \"LEGO Star Wars 2022\"}}, {\"added\": {\"name\": \"product images\", \"object\": \"LEGO Star Wars 2022\"}}, {\"added\": {\"name\": \"product images\", \"object\": \"LEGO Star Wars 2022\"}}]"}}, {"model": "admin.logentry", "pk": 44, "fields": {"action_time": "2022-11-03T07:29:42.434Z", "user": 1, "content_type": 8, "object_id": "16", "object_repr": "furniture - Waterproof Mattress", "action_flag": 1, "change_message": "[{\"added\": {}}, {\"added\": {\"name\": \"product images\", \"object\": \"Waterproof Mattress\"}}, {\"added\": {\"name\": \"product images\", \"object\": \"Waterproof Mattress\"}}, {\"added\": {\"name\": \"product images\", \"object\": \"Waterproof Mattress\"}}, {\"added\": {\"name\": \"product images\", \"object\": \"Waterproof Mattress\"}}, {\"added\": {\"name\": \"product images\", \"object\": \"Waterproof Mattress\"}}]"}}, {"model": "admin.logentry", "pk": 45, "fields": {"action_time": "2022-11-03T07:40:30.909Z", "user": 1, "content_type": 8, "object_id": "17", "object_repr": "furniture - Vase for Decor", "action_flag": 1, "change_message": "[{\"added\": {}}, {\"added\": {\"name\": \"product images\", \"object\": \"Vase for Decor\"}}, {\"added\": {\"name\": \"product images\", \"object\": \"Vase for Decor\"}}, {\"added\": {\"name\": \"product images\", \"object\": \"Vase for Decor\"}}, {\"added\": {\"name\": \"product images\", \"object\": \"Vase for Decor\"}}, {\"added\": {\"name\": \"product images\", \"object\": \"Vase for Decor\"}}]"}}, {"model": "admin.logentry", "pk": 46, "fields": {"action_time": "2022-11-03T07:44:02.221Z", "user": 1, "content_type": 8, "object_id": "18", "object_repr": "furniture - Air Purifier", "action_flag": 1, "change_message": "[{\"added\": {}}, {\"added\": {\"name\": \"product images\", \"object\": \"Air Purifier\"}}, {\"added\": {\"name\": \"product images\", \"object\": \"Air Purifier\"}}, {\"added\": {\"name\": \"product images\", \"object\": \"Air Purifier\"}}, {\"added\": {\"name\": \"product images\", \"object\": \"Air Purifier\"}}, {\"added\": {\"name\": \"product images\", \"object\": \"Air Purifier\"}}]"}}, {"model": "admin.logentry", "pk": 47, "fields": {"action_time": "2022-11-03T07:54:07.657Z", "user": 1, "content_type": 8, "object_id": "19", "object_repr": "furniture - Dish Drying Rack", "action_flag": 1, "change_message": "[{\"added\": {}}, {\"added\": {\"name\": \"product images\", \"object\": \"Dish Drying Rack\"}}, {\"added\": {\"name\": \"product images\", \"object\": \"Dish Drying Rack\"}}, {\"added\": {\"name\": \"product images\", \"object\": \"Dish Drying Rack\"}}, {\"added\": {\"name\": \"product images\", \"object\": \"Dish Drying Rack\"}}, {\"added\": {\"name\": \"product images\", \"object\": \"Dish Drying Rack\"}}]"}}, {"model": "admin.logentry", "pk": 48, "fields": {"action_time": "2022-11-03T08:00:47.927Z", "user": 1, "content_type": 8, "object_id": "20", "object_repr": "furniture - TV LED Backlight", "action_flag": 1, "change_message": "[{\"added\": {}}, {\"added\": {\"name\": \"product images\", \"object\": \"TV LED Backlight\"}}, {\"added\": {\"name\": \"product images\", \"object\": \"TV LED Backlight\"}}, {\"added\": {\"name\": \"product images\", \"object\": \"TV LED Backlight\"}}, {\"added\": {\"name\": \"product images\", \"object\": \"TV LED Backlight\"}}, {\"added\": {\"name\": \"product images\", \"object\": \"TV LED Backlight\"}}]"}}, {"model": "admin.logentry", "pk": 49, "fields": {"action_time": "2022-11-03T13:51:56.121Z", "user": 1, "content_type": 8, "object_id": "20", "object_repr": "furniture - TV LED Backlight", "action_flag": 2, "change_message": "[{\"changed\": {\"fields\": [\"Has prime\"]}}]"}}, {"model": "admin.logentry", "pk": 50, "fields": {"action_time": "2022-11-03T13:52:05.699Z", "user": 1, "content_type": 8, "object_id": "13", "object_repr": "toys - 100 Words Book", "action_flag": 2, "change_message": "[{\"changed\": {\"fields\": [\"Has prime\"]}}]"}}, {"model": "admin.logentry", "pk": 51, "fields": {"action_time": "2022-11-03T13:52:11.127Z", "user": 1, "content_type": 8, "object_id": "8", "object_repr": "beauty - Mielle Organics Rosemary Mint Scalp & Hair Strengthening", "action_flag": 2, "change_message": "[{\"changed\": {\"fields\": [\"Has prime\"]}}]"}}, {"model": "admin.logentry", "pk": 52, "fields": {"action_time": "2022-11-03T13:52:17.474Z", "user": 1, "content_type": 8, "object_id": "2", "object_repr": "electronics - Logitech MK270 Wireless Keyboard And Mouse Combo", "action_flag": 2, "change_message": "[{\"changed\": {\"fields\": [\"Has prime\"]}}]"}}, {"model": "auth.permission", "pk": 1, "fields": {"name": "Can add log entry", "content_type": 1, "codename": "add_logentry"}}, {"model": "auth.permission", "pk": 2, "fields": {"name": "Can change log entry", "content_type": 1, "codename": "change_logentry"}}, {"model": "auth.permission", "pk": 3, "fields": {"name": "Can delete log entry", "content_type": 1, "codename": "delete_logentry"}}, {"model": "auth.permission", "pk": 4, "fields": {"name": "Can view log entry", "content_type": 1, "codename": "view_logentry"}}, {"model": "auth.permission", "pk": 5, "fields": {"name": "Can add permission", "content_type": 2, "codename": "add_permission"}}, {"model": "auth.permission", "pk": 6, "fields": {"name": "Can change permission", "content_type": 2, "codename": "change_permission"}}, {"model": "auth.permission", "pk": 7, "fields": {"name": "Can delete permission", "content_type": 2, "codename": "delete_permission"}}, {"model": "auth.permission", "pk": 8, "fields": {"name": "Can view permission", "content_type": 2, "codename": "view_permission"}}, {"model": "auth.permission", "pk": 9, "fields": {"name": "Can add group", "content_type": 3, "codename": "add_group"}}, {"model": "auth.permission", "pk": 10, "fields": {"name": "Can change group", "content_type": 3, "codename": "change_group"}}, {"model": "auth.permission", "pk": 11, "fields": {"name": "Can delete group", "content_type": 3, "codename": "delete_group"}}, {"model": "auth.permission", "pk": 12, "fields": {"name": "Can view group", "content_type": 3, "codename": "view_group"}}, {"model": "auth.permission", "pk": 13, "fields": {"name": "Can add user", "content_type": 4, "codename": "add_user"}}, {"model": "auth.permission", "pk": 14, "fields": {"name": "Can change user", "content_type": 4, "codename": "change_user"}}, {"model": "auth.permission", "pk": 15, "fields": {"name": "Can delete user", "content_type": 4, "codename": "delete_user"}}, {"model": "auth.permission", "pk": 16, "fields": {"name": "Can view user", "content_type": 4, "codename": "view_user"}}, {"model": "auth.permission", "pk": 17, "fields": {"name": "Can add content type", "content_type": 5, "codename": "add_contenttype"}}, {"model": "auth.permission", "pk": 18, "fields": {"name": "Can change content type", "content_type": 5, "codename": "change_contenttype"}}, {"model": "auth.permission", "pk": 19, "fields": {"name": "Can delete content type", "content_type": 5, "codename": "delete_contenttype"}}, {"model": "auth.permission", "pk": 20, "fields": {"name": "Can view content type", "content_type": 5, "codename": "view_contenttype"}}, {"model": "auth.permission", "pk": 21, "fields": {"name": "Can add session", "content_type": 6, "codename": "add_session"}}, {"model": "auth.permission", "pk": 22, "fields": {"name": "Can change session", "content_type": 6, "codename": "change_session"}}, {"model": "auth.permission", "pk": 23, "fields": {"name": "Can delete session", "content_type": 6, "codename": "delete_session"}}, {"model": "auth.permission", "pk": 24, "fields": {"name": "Can view session", "content_type": 6, "codename": "view_session"}}, {"model": "auth.permission", "pk": 25, "fields": {"name": "Can add categories", "content_type": 7, "codename": "add_categories"}}, {"model": "auth.permission", "pk": 26, "fields": {"name": "Can change categories", "content_type": 7, "codename": "change_categories"}}, {"model": "auth.permission", "pk": 27, "fields": {"name": "Can delete categories", "content_type": 7, "codename": "delete_categories"}}, {"model": "auth.permission", "pk": 28, "fields": {"name": "Can view categories", "content_type": 7, "codename": "view_categories"}}, {"model": "auth.permission", "pk": 29, "fields": {"name": "Can add product", "content_type": 8, "codename": "add_product"}}, {"model": "auth.permission", "pk": 30, "fields": {"name": "Can change product", "content_type": 8, "codename": "change_product"}}, {"model": "auth.permission", "pk": 31, "fields": {"name": "Can delete product", "content_type": 8, "codename": "delete_product"}}, {"model": "auth.permission", "pk": 32, "fields": {"name": "Can view product", "content_type": 8, "codename": "view_product"}}, {"model": "auth.permission", "pk": 33, "fields": {"name": "Can add product images", "content_type": 9, "codename": "add_productimages"}}, {"model": "auth.permission", "pk": 34, "fields": {"name": "Can change product images", "content_type": 9, "codename": "change_productimages"}}, {"model": "auth.permission", "pk": 35, "fields": {"name": "Can delete product images", "content_type": 9, "codename": "delete_productimages"}}, {"model": "auth.permission", "pk": 36, "fields": {"name": "Can view product images", "content_type": 9, "codename": "view_productimages"}}, {"model": "auth.user", "pk": 1, "fields": {"password": "pbkdf2_sha256$390000$DT8QAmmrDMT0Qepw9BDP0L$97jA+cMckTBmutFAlxCYcyp8a5+Wfk/YGiySA/h831Q=", "last_login": "2022-10-29T08:16:07.744Z", "is_superuser": true, "username": "admin", "first_name": "", "last_name": "", "email": "", "is_staff": true, "is_active": true, "date_joined": "2022-10-29T08:15:40.596Z", "groups": [], "user_permissions": []}}, {"model": "contenttypes.contenttype", "pk": 1, "fields": {"app_label": "admin", "model": "logentry"}}, {"model": "contenttypes.contenttype", "pk": 2, "fields": {"app_label": "auth", "model": "permission"}}, {"model": "contenttypes.contenttype", "pk": 3, "fields": {"app_label": "auth", "model": "group"}}, {"model": "contenttypes.contenttype", "pk": 4, "fields": {"app_label": "auth", "model": "user"}}, {"model": "contenttypes.contenttype", "pk": 5, "fields": {"app_label": "contenttypes", "model": "contenttype"}}, {"model": "contenttypes.contenttype", "pk": 6, "fields": {"app_label": "sessions", "model": "session"}}, {"model": "contenttypes.contenttype", "pk": 7, "fields": {"app_label": "categories", "model": "categories"}}, {"model": "contenttypes.contenttype", "pk": 8, "fields": {"app_label": "product", "model": "product"}}, {"model": "contenttypes.contenttype", "pk": 9, "fields": {"app_label": "product", "model": "productimages"}}, {"model": "sessions.session", "pk": "4n4olukh9qrqjn1gs05enon0w3ibm322", "fields": {"session_data": ".eJxVjMsOwiAQRf-FtSE8pnRw6d5vIDADUjU0Ke3K-O_apAvd3nPOfYkQt7WGreclTCzOQovT75YiPXLbAd9ju82S5rYuU5K7Ig_a5XXm_Lwc7t9Bjb1-a3JODQUNOShooy6FPFsEsOy8T1kNNjGAd4UyA6oxU9RqZESTFKER7w_kMTfm:1ooh0h:KhfAOqf0ADK7pM4QolVt1CRFAxyHEHqB3qmjSi2hM38", "expire_date": "2022-11-12T08:16:07.750Z"}}, {"model": "categories.categories", "pk": 1, "fields": {"name": "electronics", "slug": "electronics", "image": "images/categories/electronics.jpg"}}, {"model": "categories.categories", "pk": 2, "fields": {"name": "beauty", "slug": "beauty", "image": "images/categories/beauty.jpg"}}, {"model": "categories.categories", "pk": 3, "fields": {"name": "toys", "slug": "toys", "image": "images/categories/toys.jpg"}}, {"model": "categories.categories", "pk": 4, "fields": {"name": "furniture", "slug": "furniture", "image": "images/categories/furniture.jpg"}}, {"model": "product.product", "pk": 1, "fields": {"title": "Seagate Portable 2TB External Hard Drive Portable HDD – USB 3.0 for PC, Mac, PlayStation, & Xbox - 1-Year Rescue Service (STGX2000400)", "rating": 5, "short_title": "Seagate Portable 2TB External Hard Drive", "slug": "seagate-portable-2tb-external-hard-drive-portable", "price": "61.99", "description": "Digital Storage Capacity - 2 TB,  Connectivity Technology - USB,  Brand - Seagate, Hard Disk Form Factor - 3.5 Inches, Hard Disk Description - Mechanical Hard Disk", "about_items": "Easily store and access 2TB to content on the go with the Seagate Portable Drive, a USB external hard drive / Designed to work with Windows or Mac computers, this external hard drive makes backup a snap just drag and drop / To get set up, connect the portable hard drive to a computer for automatic recognition no software required / This USB drive provides plug and play simplicity with the included 18 inch USB 3.0 cable", "category": 1, "note": "Products with electrical plugs are designed for use in the US. Outlets and voltage differ internationally and this product may require an adapter or converter for use in your destination. Please check compatibility before purchasing.", "has_prime": false}}, {"model": "product.product", "pk": 2, "fields": {"title": "Logitech MK270 Wireless Keyboard And Mouse Combo For Windows, 2.4 GHz Wireless, Compact Mouse, 8 Multimedia And Shortcut Keys, For PC, Laptop - Black", "rating": 5, "short_title": "Logitech MK270 Wireless Keyboard And Mouse Combo", "slug": "logitech-mk270-wireless-keyboard-and-mouse-combo-f", "price": "22.99", "description": "Brand - Logitech,  Color - Black, Connectivity Technology - Wireless, Compatible Devices - Laptop & Personal Computer, Keyboard Description - Multimedia", "about_items": "Reliable Plug and Play: The USB receiver provides a reliable wireless connection up to 33 ft (1), so you can forget about drop-outs and delays and you can take it wherever you use your computer / Type in Comfort: The design of this keyboard creates a comfortable typing experience thanks to the low-profile, quiet keys and standard layout with full-size F-keys, number pad, and arrow keys / Durable and Resilient: This full-size wireless keyboard features a spill-resistant design (2), durable keys and sturdy tilt legs with adjustable height / Long Battery Life: MK270 combo features a 36-month keyboard and 12-month mouse battery life (3), along with on/off switches allowing you to go months without the hassle of changing batteries\r\n / Easy to Use: This wireless keyboard and mouse combo features 8 multimedia hotkeys for instant access to the Internet, email, play-pause, and volume so you can easily check out your favorite sites", "category": 1, "note": "Products with electrical plugs are designed for use in the US. Outlets and voltage differ internationally and this product may require an adapter or converter for use in your destination. Please check compatibility before purchasing.", "has_prime": true}}, {"model": "product.product", "pk": 3, "fields": {"title": "SAMSUNG 980 PRO SSD 2TB PCIe NVMe Gen 4 Gaming M.2 Internal Solid State Hard Drive Memory Card, Maximum Speed, Thermal Control, MZ-V8P2T0B", "rating": 4, "short_title": "SAMSUNG 980 PRO SSD 2TB PCIe NVMe Gen 4 Gaming M.2", "slug": "samsung-980-pro-ssd-2tb-pcie-nvme-gen-4-gaming-m2", "price": "229.99", "description": "Digital Storage Capacity - 2 TB,  Hard Disk Interface - NVMe, Brand - SAMSUNG, Hard Disk Form Factor - 2280 Inches, Hard Disk Description - Solid State Hard Drive", "about_items": "Next-level SSD performance: Unleash the power of the Samsung 980 PRO PCIe 4.0 NVMe SSD for next-level computing. 980 PRO delivers 2x the data transfer rate of PCIe 3.0, while maintaining compatibility with PCIe 3.0. / Maximum Speed: Get read speeds up to 7,000 MB s with 980 PRO and push the limits of what SSDs can do. Powered by a new Elpsis controller designed to harmonize the flash memory components and the interface for superior speed – with a PCIe 4.0 interface that’s 2x faster than PCIe 3.0 SSDs and 12x faster than Samsung SATA SSDs – every component of this NVMe SSD is manufactured by Samsung for performance that lasts. / A winning combination: Designed for hardcore gamers and tech-savvy users, the 980 PRO offers high-performance bandwidth and throughput for heavy-duty applications in gaming, graphics, data analytics, and more. It's fast at loading games, so you can play more and wait less / Efficient M.2 SSD: The 980 PRO comes in a compact M.2 2280 form factor, which can be easily plugged into desktops and laptops. Due to its size and thus optimized power efficiency, it’s ideal for building high-performance computing systems. / Reliable thermal control: High-performance SSDs usually require high-performance thermal control. To ensure stable performance, the 980 PRO uses nickel coating to help manage the controller's heat level and a heat spreader label to deliver effective thermal control of the NAND chip.", "category": 1, "note": "Products with electrical plugs are designed for use in the US. Outlets and voltage differ internationally and this product may require an adapter or converter for use in your destination. Please check compatibility before purchasing.", "has_prime": false}}, {"model": "product.product", "pk": 4, "fields": {"title": "HP 24mh FHD Monitor - Computer Monitor with 23.8-Inch IPS Display (1080p) - Built-In Speakers and VESA Mounting - Height/Tilt Adjustment for Ergonomic Viewing - HDMI and DisplayPort - (1D0J9AA#ABA)", "rating": 4, "short_title": "hp-24mh-fhd-monitor-computer-monitor", "slug": "hp-24mh-fhd-monitor-computer-monitor-with-238-inch", "price": "197.98", "description": "Screen Size - 23.8 Inches, Display Resolution Maximum - 1920 x 1080 Pixels, Brand - HP,  Special Feature - Height Adjustmen and Blue Light Filter,  Refresh Rate - 75 Hz", "about_items": "OUTSTANDING VISUALS – This FHD display with IPS technology gives you brilliant visuals and unforgettable quality; with a maximum resolution of 1920 x 1080 at 75 Hz, you’ll experience the image accuracy and wide-viewing spectrums of premium tablets and mobile devices / MORE SCREEN, LESS SPACE – Enjoy more desk space than you thought possible with an attractive and ultra-slim design / PANORAMIC VIEWING – Vibrant detail from practically any position with consistent color and image clarity maintained across an ultra-wide 178° horizontal and vertical viewing angles / MICRO-EDGE DISPLAY – With virtually no bezel encircling the display on three sides, an ultra-wide viewing experience provides for seamless multi-monitor setups / EASY CONNECTIVITY – Get the picture quality you’ve been looking for without the additional dongles; easily connect to your PC, gaming console, and peripherals for big-screen entertainment with a broad range of ports, including HDMI, DisplayPort, and VGA ports", "category": 1, "note": "Products with electrical plugs are designed for use in the US. Outlets and voltage differ internationally and this product may require an adapter or converter for use in your destination. Please check compatibility before purchasing.", "has_prime": false}}, {"model": "product.product", "pk": 5, "fields": {"title": "Syntech USB C to USB Adapter Pack of 2 USB C Male to USB3 Female Adapter Compatible with MacBook Pro 2021 iMac iPad Mini 6/Pro MacBook Air 2022 and Other Type C or Thunderbolt 4/3 Devices Space Grey", "rating": 5, "short_title": "Syntech USB C to USB Adapter", "slug": "syntech-usb-c-to-usb-adapter-pack-of-2-usb-c-male", "price": "9.99", "description": "Compatible Devices - Laptops & Cellular Phones, Connector Type - USB 3.0,  Connector Gender -  Female-to-Male, Color - Space Grey, Item Dimensions LxWxH - 1.08 x 0.65 x 0.32 inches", "about_items": "Design: The adapter is gathered with zinc alloy metallic minimalist design and delicate embossment for not slipping / Compatibility: This USB C to USB adapter is compatible with MacBook Pro after 2016 and MacBook Air after 2018 and most of the laptops, tablets and smartphones with a USB Type C port / User Friendly and USB3 Speed: Plug and work; Plug the USB C end of the adapter into a USBC port, and then connect your flash drive or other standard USB A devices; Also, you can sync or charge your phone with this USB C to USB adapter / Connectors: Engineered for enhanced durability, the male USB C and female USB3 connectors are designed to be plugged and unplugged up to 10000 times / Compact and Easy to Use: Plug and play, no driver required; Simple structure, lightweight and portability", "category": 1, "note": "Products with electrical plugs are designed for use in the US. Outlets and voltage differ internationally and this product may require an adapter or converter for use in your destination. Please check compatibility before purchasing.", "has_prime": false}}, {"model": "product.product", "pk": 6, "fields": {"title": "essence | Lash Princess False Lash Effect Mascara | Gluten & Cruelty Free", "rating": 4, "short_title": "essence-lash-princess", "slug": "essence-lash-princess-false-lash-effect-mascara-gl", "price": "4.99", "description": "Color - False Lash Effect, Product Benefits - Volumizing mascara with a conically shaped fiber brush for a false lash effect, Special Feature - Volumizing, Material Type Free - \tFragrance Free, Brand - essence cosmetics", "about_items": "If you receive this mascara UNWRAPPED, it did not come from essence cosmetics. / NO FALSIES NEEDED! Lash Princess False Lash Mascara defines and separates lashes while achieving a bold look. / DRAMATIC VOLUME: the conic shape fiber brush delivers dramatic volume and sculpted length WITHOUT clumps or globs. / LASTS ALL DAY: go about your day free from flaking & fading! This mascara does not flake, fade, or wear, making it a perfect all-day, longlasting mascara. / CRUELTY FREE: essence cosmetics is certified and acknowledged by PETA as a cruelty-free brand. We do not test any of our products on animals.", "category": 2, "note": "", "has_prime": false}}, {"model": "product.product", "pk": 7, "fields": {"title": "Neutrogena Makeup Remover Cleansing Face Wipes, Daily Cleansing Facial Towelettes to Remove Waterproof Makeup and Mascara, Alcohol-Free, Value Twin Pack, 25 Count, 2 Pack", "rating": 4, "short_title": "Neutrogena Makeup Remover Cleansing Face Wipes", "slug": "neutrogena-makeup-remover-cleansing-face-wipes-dai", "price": "16.20", "description": "Brand - Neutrogena, Skin Type - All, Material Feature - Compostable, Unit Count - 50 Count, Number of Items - 1", "about_items": "Twin pack with 25-count each of ultra-soft, pre-moistened Neutrogena Makeup Remover Face Wipes with a micellar-infused triple emollient formula remove makeup and cleanse skin while leaving it feeling refreshed, soft, smooth and conditioned / Makeup remover facial cleansing towelettes work to dissolve all traces of dirt, removes bacteria, impurities, oil and makeup on skin while also removing pollution, sweat and sunscreen, for superior cleansing and makeup removing power at your fingertips / Facial cleansing wet wipes are ophthalmologist-, dermatologist-, and allergy-tested and gentle on the eyes. The effective formula removes up to 99% of makeup--even stubborn waterproof mascara--without tugging / Our Clean Promise to you and the Planet. These facial cleansing wipes are made with 100% plant-based fibers, biodegrade in 35 days in home compost, and are formulated without phthalates, parabens, sulfates, alcohols, soaps, or dyes /  Makeup wipes are disposable and thoroughly cleanse skin, leaving behind no heavy residue so there's no need to rinse. Plus, they're great to use in a daily beauty or skincare routine for a refreshing self-care experience at-home", "category": 2, "note": "", "has_prime": false}}, {"model": "product.product", "pk": 8, "fields": {"title": "Mielle Organics Rosemary Mint Scalp & Hair Strengthening Oil With Biotin & Essential Oils, Nourishing Treatment for Split Ends, Dry Scalp, & Hair Growth, Safe For All Hair Types, 2-Fluid Ounces", "rating": 4, "short_title": "Mielle Organics Rosemary Mint Scalp & Hair Strengthening", "slug": "mielle-organics-rosemary-mint-scalp-hair-strengthe", "price": "9.50", "description": "Product Benefits\t- Nourishing, Hair Type - All, Material Type Free - Paraben Free,  Scent - Rosemary and Mint, Liquid Volume - 2 Fluid Ounces", "about_items": "NOURISH & STRENGTHEN: Our nutrient-rich, biotin-infused treatment can be used as part of your everyday hair care routine or as an intensive deep treatment to prevent damage for strong, lustrous hair with a fresh, invigorating scent / SMOOTH SPLIT ENDS: This lightweight treatment nourishes split ends and hair follicles for a sleek look; Apply to the ends of hair before you shampoo to soothe and smooth for a healthy, shiny finish that can be air-dried or styled as desired / SOOTHE DRY SCALP: This rich blend of over 30 essential oils and nutrients deeply penetrates the scalp to increase circulation, combat dandruff, and comfort itchy, sensitive skin while working to strengthen, lengthen, nourish, and protect hair / SAFE FOR ALL HAIR TYPES: Our versatile Rosemary Mint Scalp & Hair Strengthening Oil promotes radiant hair for all hair types and deeply nourishes types 3A to 4C, chemically-treated hair, braids, weaves, and both low and high porosity level hair / BY WOMEN FOR WOMEN: Mielle Organics aims to empower women of all hair types and styles with powerful products and gentle, organic ingredients that amplify your natural beauty and are the “root to results” that leave you looking and feeling your best", "category": 2, "note": "", "has_prime": true}}, {"model": "product.product", "pk": 9, "fields": {"title": "PanOxyl Acne Foaming Wash Benzoyl Peroxide 10% Maximum Strength Antimicrobial, 5.5 Oz", "rating": 5, "short_title": "Foaming Wash Benzoyl", "slug": "panoxyl-acne-foaming-wash-benzoyl-peroxide-10-maxi", "price": "9.77", "description": "Item Form - wash, Skin Type - Acne Prone, Brand - PanOxyl, Scent - Unscented, Material Feature - Non Comedogenic", "about_items": "Maximum strength formula contains 10% Benzoyl peroxide / Highest over the counter Benzoyl peroxide wash availabl / Maximum strength, antimicrobial foaming wash kills acne-causing bacteria on contact and lifts dirt from pores for a fresher, clearer you. / Works to clean and unclog pores on face, chest and back / Clears existing acne and helps prevent new blemishes from forming", "category": 2, "note": "", "has_prime": false}}, {"model": "product.product", "pk": 10, "fields": {"title": "Nizoral Anti-Dandruff Shampoo, Basic, Fresh, 7 Fl Oz", "rating": 4, "short_title": "Nizoral Anti-Dandruff Shampoo", "slug": "nizoral-anti-dandruff-shampoo-basic-fresh-7-fl-oz", "price": "15.47", "description": "Brand - Nizoral, Item Form - Liquid, Hair Type - All, Scent - Fresh, Age Range (Description) - Adult", "about_items": "CLINICALLY PROVEN: Clinically proven to control flaking, scaling and itching from dandruff. Nizoral is so powerful it can even control severe dandruff / CONTROLS SCALP FUNGUS: Nizoral is different because it doesn’t just address the symptoms, it gets right to the root of dandruff as it kills the fungus that causes it. / KETOCONAZOLE 1%: The only over the counter dandruff shampoo with Ketoconazole 1%, a clinically proven, powerful dandruff fighting ingredient. / 10X MORE EFFECTIVE at fighting scalp fungus: The active ingredient in Nizoral is 10X more effective at killing scalp fungus, the primary cause of dandruff, than the active ingredient in the leading dandruff shampoo based on lab testing (not a product to product comparison)” / GENTLE ON HAIR: Gentle enough to use on color treated, chemically processed, or gray hair. Clean fresh scent and you only have to use it 2x per week.", "category": 2, "note": "", "has_prime": false}}, {"model": "product.product", "pk": 11, "fields": {"title": "Paw Patrol Jet to The Rescue Deluxe Transforming Spiral Rescue Jet with Lights and Sounds, Amazon Exclusive", "rating": 5, "short_title": "Paw Patrol Jet to The Rescue Deluxe", "slug": "paw-patrol-jet-to-the-rescue-deluxe-transforming-s", "price": "39.99", "description": "Brand - Paw Patrol, Toy vehicle form - train, Material - Plastic,  Color - Spiral Rescue Jet, Age Range (Description)\t- Kid", "about_items": "TRANSFORMING WINGS: Press the red button to activate the jet’s transformation – the wings flip around and open up, revealing projectile launchers! Press the button again to change back to stealth mode. / LIGHTS AND SOUNDS: The Spiral Rescue Jet comes to life with exciting jet sound effects, just like in the show! When the lights are activated, the sides of this Amazon exclusive toy jet light up! / EXCLUSIVE CHASE FIGURE: This vehicle includes an exclusive Jet to the Rescue Chase figure, wearing a flight suit and helmet! Plus, there’s room inside for another pup to join Chase (sold separately)! / The PAW Patrol Jet to the Rescue Spiral Rescue Jet makes a great gift for kids aged 3 and up. Requires 3 LR44 batteries (included). Jet to the Rescue with PAW Patrol! / LEARNING AND EDUCATION TOYS: PAW plush toys and toy cars are toys for boys and girls that enjoy building toys! A great gift for kids 3 and up, as an alternative to dolls, dinosaur toys or a train set. / Includes: 1 Spiral Rescue Jet, 1 Chase Figure, 2 Projectiles, 1 Instruction Sheet", "category": 3, "note": "", "has_prime": false}}, {"model": "product.product", "pk": 12, "fields": {"title": "Funko Schitt's Creek - Love That Journey Party Game", "rating": 5, "short_title": "Funko Schitt's Creek", "slug": "funko-schitts-creek-love-that-journey-party-game", "price": "19.99", "description": "Brand - Funko, Theme - TV, Material - Cardboard, Color - Schitt's Creek, Number of Players - from 3 to 8", "about_items": "Perfect for every Schitt's Creek fan - fun, fast, easy party game! / Easy to learn so you can start playing in minutes! / Guess which beloved character or show-inspired situation your friends would choose. / When you score, move through the charming folk art map of Schitt’s Creek. / Energetic gameplay combines your favorite moments from the series with hilarious discussion and surprising revelations about your friends! /  Ages 14+ / For 3–8 Players / 20-Minute Gameplay", "category": 3, "note": "", "has_prime": false}}, {"model": "product.product", "pk": 13, "fields": {"title": "LeapFrog Learning Friends 100 Words Book", "rating": 4, "short_title": "100 Words Book", "slug": "leapfrog-learning-friends-100-words-book", "price": "10.49", "description": "Brand - LeapFrog, Age Range (Description) - from 1 to 5 years, Material - Plastic, Size - 9.4\" wide x 9.4\" height x 1.9\" depth", "about_items": "Meet learning friends Turtle, Tiger and Monkey who will introduce more than 100 age-appropriate words chosen by learning experts / Word categories include: pets, animals, food, mealtime, colors, activities, opposites, outside and more / Touching the words on the pages plays the words, sound effects and fun facts; hear the Learning Friends theme song and My Favorite Word by pressing the light-up star button / Words, songs and instructions can be heard in both English and Spanish for a full bilingual experience / Intended for ages 18+ months; requires 2 AA batteries; batteries included for demo purposes only; new batteries recommended for regular use. Product Dimensions: 9.4\" wide x 9.2\" height x 1.9\" depth", "category": 3, "note": "", "has_prime": true}}, {"model": "product.product", "pk": 14, "fields": {"title": "Lite-Brite Ultimate Classic Retro and Vintage Toy, Gift for Girls and Boys, Ages 4+", "rating": 5, "short_title": "Lite-Brite Ultimate", "slug": "lite-brite-ultimate-classic-retro-and-vintage-toy", "price": "12.99", "description": "Brand - Lite Brite, Age Range (Description) - from 4 to 16 years, Material - Plastic, Color - Multicolor, Number of Players - 1", "about_items": "Updated Lite-Brite Ultimate Classic is now brighter then ever with a bigger screen and more pegs! Screen measures 8.125” W x 6.875” H. Includes more than 200 colorful, round, 1\" long pegs. / Inspires creativity and helps develop fine motor skills & hand-eye coordination / Battery-powered LED bulbs light up the screen 4 different ways for a fun light show of your artwork", "category": 3, "note": "", "has_prime": false}}, {"model": "product.product", "pk": 15, "fields": {"title": "LEGO Star Wars 2022 Advent Calendar 75340 Building Toy Set for Kids, Boys and Girls, Ages 6+, 8 Characters and 16 Mini Builds (329 Pieces)", "rating": 5, "short_title": "LEGO Star Wars 2022", "slug": "lego-star-wars-2022-advent-calendar-75340-building", "price": "35.85", "description": "Brand - LEGO, Material - Plastic, Cartoon Character - Clone Trooper Commander;Battle Droid;C-3PO (Holiday); Darth Vader (Holiday);Snowtrooper;Luke Skywalker;Gonk Droid;R2-D2 (Holiday), Educational Objective - Creative Building, Size - 15.04 x 10.32 x 2.78 inches", "about_items": "2022 LEGO Star Wars Advent Calendar (75340) – Build festive spirit during the Christmas holidays with this Advent calendar, featuring Star Wars characters, mini build toy vehicles and accessories / 8 LEGO Star Wars characters – C-3PO and R2-D2 in festive outfits, Darth Vader in a summer outfit, plus Luke Skywalker, a Clone Trooper Commander, Snowtrooper, Battle Droid and a Gonk Droid / 10 mini build vehicles – Republic Gunship, Droid Trifighter, ARC-170 Starfighter, Bad Batch Shuttle, Luke's Landspeeder, T-16 Skyhopper, V-35 Landspeeder, B-wing, TIE Interceptor and Hoth AT-ST / 6 other mini builds – Moisture vaporator, a beach scene, ammo rack, Hoth defense turret, Hoth laser and a Wampa cave / Gift idea for ages 6 and up – Give this 329-piece building toy as a Christmas holiday gift to kids. The characters and mini builds can be used with other LEGO Star Wars sets for extra creative fun", "category": 3, "note": "", "has_prime": false}}, {"model": "product.product", "pk": 16, "fields": {"title": "Jet's Home King Waterproof Mattress Protector - Soft Breathable Mattress Pad Cover Machine Washable Bamboo Mattress Protector Cover Quiet Non Noisy Bed Cover with Deep Pocket Fits Up to 17”", "rating": 4, "short_title": "Waterproof Mattress", "slug": "jets-home-king-waterproof-mattress-protector-soft", "price": "28.99", "description": "Brand - JET'S HOME, Color - White, Size - King, Fabric Type, Bamboo Jacqaurd Fabric, Special Feature - fitted cover", "about_items": "★Organic Bamboo Material★ Our waterproof mattress protector is made from 30% bamboo rayon and 70% polyester.The surface of this king mattress protector is 100% bamboo material,which is very comfortable and soft.This bamboo waterproof mattress protector can protect sensitive skin of babies,pregnant women and old people.You just need this waterproof king mattress protector for your family. / ★Waterproof And Quiet★ This bamboo king mattress protector has TPU coating on the back,which is 100% waterproof.Our bamboo king waterproof mattress cover can protect your expensive mattress from spills and accidents such as water, sweat, or urine.This bamboo waterproof king mattress protector has polyester filling which make it soft and quiet when you sleep on it.Thers is no plastic crinkling sounds.Have a sweet sleeping with our bamboo waterproof king mattress protector. / ★Fitted Sheet Style Design★ Our bamboo mattress protectors are designed for all types of mattresses.With a stretchy skirt and elastic band,our bamboo king mattress cover can perfect fit your mattress without being too loose or too tight.Our bamboo king size mattress cover provides you a smooth and neat surface,no crinkle feeling or sound when sleeping,.Don't worry about “slip off”.This bamboo king size mattress protector measures 78''x80'' and has deep pocket fits up to 17\". / ★Easy Care - Machine Washable★ Our king bamboo waterproof mattress pad cover is machine washable.You don't need to spend too much time,money and effort on maintaining our bamboo mattress covers.This bamboo king size waterproof mattress protector can be machine washed in warm or cold water below 40 ℃ at gentle cycle, tumble dry at low heat.DO NOT iron,bleach or dry clean our bamboo waterproof mattress protector. / ★Oeko-Tex Certificate★ Our bamboo mattress protector is certificated by Oeko Tex standard 100.We try to find more better materials to make our bed covers to create a wonderful rest space to you.Believe me, this bamboo waterproof king mattress protector is a right choice.", "category": 4, "note": "Products with electrical plugs are designed for use in the US. Outlets and voltage differ internationally and this product may require an adapter or converter for use in your destination. Please check compatibility before purchasing.", "has_prime": false}}, {"model": "product.product", "pk": 17, "fields": {"title": "Smiletag Ceramic Vase for Decor, Modern Farmhouse Decor Vase Set of 3, Neutral Small Vases for Table Decor, Living Room Decor Vases, Shelf Vases for Decor, Bookshelf Decor Vase and Entryway Decor Vase", "rating": 5, "short_title": "Vase for Decor", "slug": "smiletag-ceramic-vase-for-decor-modern-farmhouse-d", "price": "34.99", "description": "Material - Ceramic, Color - Dark Gray & Monet Grey & Purple-pink, Brand - Smiletag, Shape - Modern, Style - Art Deco", "about_items": "【High-grade color matching】The surface of the ceramic vase adopts low-saturation beige and gray background colors, and through matte treatment, gray tones are used to express the simplicity of the whole object to highlight the tranquility and soothing of the entire object. / 【Minimalist style design】Abandon the complex shape and return to the simple and smooth line design, which can better reflect the high-level sense / 【Exquisite Packaging】The whole set of ceramic vases is in a color box with molded foam and high-quality hand-painted design, and the inner box is made of crumb-free EPE foam to avoid damage during transportation. / 【Multipurpose】this three-piece ceramic vase set can be placed individually as japandi home decor, neutral home decor, living room decoration, bedroom decor,tabletop decoration, bookshelf decoration, storage rack decoration, mantelpiece decoration, entryway decor,dining room decor, minimalist side table decor and can also be dried flowers vase,Pampas grass vase,etc.  / 【Perfect Gift】Beautifully packaged home decor modern vases, perfect as Mother's Day gift, Thanksgiving Day gift, Birthday gift, Anniversary gift, Wedding gift or Housewarming gift.", "category": 4, "note": "Note: Products with electrical plugs are designed for use in the US. Outlets and voltage differ internationally and this product may require an adapter or converter for use in your destination. Please check compatibility before purchasing.", "has_prime": false}}, {"model": "product.product", "pk": 18, "fields": {"title": "Air Purifiers for Bedroom, H13 True HEPA Filter for Home large Room, Air Filter with Sleep Model, 24db Filtration System, 360° Air Intake for Pet Dander Dust Pollen Smoke Allergie, White", "rating": 5, "short_title": "Air Purifier", "slug": "air-purifiers-for-bedroom-h13-true-hepa-filter-for", "price": "45.99", "description": "Color - White, Brand - Loytio, Control Method\t- Touch, Filter Type - HEPA, Noise Level - 24 dB", "about_items": "High Efficiency Air Purification System: Using HEPA active carbon filter, can capture 99.97% of airborne particles 0.3 microns in size, such as PM2.5, dust particle, dander, pollen, cigarette smoke and peculiar smell. / Air Circulation Rate Full Coverage: The design of the air purifier features 360° air intake, that will be faster to refresh the air in your room. The refresh rate is 5 times per hour than the regular one. Mighty with large purification area covered is suitable for an area of 302 sq. / Sleep Model at Night: Filtering the air with lowest noise level of 24 db is perfect for restful and soothing indoor environment, which is helpful to sleep deeply. Air purifiers for home large room the light is not strong at night, which will not bring you any discomfort while sleeping. More care for mother, baby and children. / Portable Air Purifier: Easily take this small air purifier to anywhere, office, living room, bedroom, even traveling , what you require is just an adapter. Always have fresh air around you, keep your life healthy. / Filter Replacement: Regularly cleaning and maintenance will ensure that the air purifier woks well. The power light turns to red is to remind you that it is time to change the filter. One filter works for about 3 months", "category": 4, "note": "Products with electrical plugs are designed for use in the US. Outlets and voltage differ internationally and this product may require an adapter or converter for use in your destination. Please check compatibility before purchasing.", "has_prime": false}}, {"model": "product.product", "pk": 19, "fields": {"title": "Dish Drying Rack, HERJOY Detachable 2 Tier Dish Rack and Drainboard Set, Large Capacity Dish Drainer Organizer Shelf with Utensil Holder, Cup Rack for Kitchen Counter, Black", "rating": 4, "short_title": "Dish Drying Rack", "slug": "dish-drying-rack-herjoy-detachable-2-tier-dish-rac", "price": "35.99", "description": "Material - Carbon Steel, Brand - HERJOY, Color - Black, Recommended Uses For Product - Dish Drainer & Kitchen & Utensil Holder, Mounting Type\t - Sink & Tabletop, Product Dimensions - 11.8\"D x 16.5\"W x 13.2\"H", "about_items": "【Detachable 2 Tier Design】 This dish rack features a detachable 2-tier design, providing super large space for storing tableware of varies sizes such as plates, dishes, mugs, frying pans, kitchen pots and bowls. Together with a utensil holder, a cup rack, this dish drainer will meet all your needs for storing and drying kitchenware. / 【Sturdy Construction】 This HERJOY dish drainer for kitchen counter is made of premium carbon steel with black powder finished. the sturdy construction will provide a strong load-bearing to storing all your kitchenware easily. / 【Fast Drainage System】 The dish drying rack design with a removable drainboard which includes central drainage holes and a swivel spout, making sure the water flows directly into the sink, not onto the countertop. the swivel spout is 360° rotatable allow you to adjust the placement of the dish rack more freely as per the location of the sink. / 【Multifunctional Rack & Considerate Design】 Besides the plate holder, this dish rack comes with a cup rack and a utensil holder to meet your needs for storing kitchenware with effortless hanging. Also, the heightened fence around the rack base effectively keep tableware away from falling and breaking. / 【Tool-free Assembly】 This dish drying rack for kitchen counter is tool-free to install. Just following the help of the installation manual, no tools included! install finish within 1 minute.", "category": 4, "note": "Products with electrical plugs are designed for use in the US. Outlets and voltage differ internationally and this product may require an adapter or converter for use in your destination. Please check compatibility before purchasing.", "has_prime": false}}, {"model": "product.product", "pk": 20, "fields": {"title": "GHome Smart SL1 TV LED Backlight, 9.2ft Smart WiFi Strip Light Compatible with Alexa and Google Home, App Control, Music Sync 16 Million Rgb Red Green Blue 9.2Ft LED strip ST1-B ST1-B", "rating": 5, "short_title": "TV LED Backlight", "slug": "ghome-smart-sl1-tv-led-backlight-92ft-smart-wifi-s", "price": "9.99", "description": "Color - Rgb, Brand - GHome Smart, Indoor/Outdoor Usage - Indoor, Special Feature - timer & color changing & dimmable & energy efficient, Light Source Type - LED,", "about_items": "Smart App_go_sund_Control: Connect to 2.4GHz WIFI download App operation, easily control turn on/off, change color and brightness, personalize multiple lighting modes and scenes with smartphone(Note: Only for 2.4GHz WiFi) / Voice Control: The TV LED Light work with Alexa and Google Home. Hands-Free to adjust color, brightness and modes, conveniently control all of TV light strip by simple voice commands / Music Sync: The brightness and color of the LED light can be changed simultaneously through the music and sound heard by the TV built-in microphone. Changeable colors and contagious music beats bring ultimate lighting experience / 8 Scenes&16 Million Colors: With the scene modes and 16 million rgb colors, change TV backlight strip colors to create custom scene modes for different everyday ambiences / Timer& Schedule: Set daiy schedule for your LED TV backlight to turn on and off automatically, smart control of lights. With the adhesive tape on the back, can be sticked firmly on the back of 30-60in TV", "category": 4, "note": "Products with electrical plugs are designed for use in the US. Outlets and voltage differ internationally and this product may require an adapter or converter for use in your destination. Please check compatibility before purchasing.", "has_prime": true}}, {"model": "product.productimages", "pk": 1, "fields": {"product": 1, "image": "images/products/81tjLksKixL._AC_SL1500__Jyh3RZq.jpg"}}, {"model": "product.productimages", "pk": 2, "fields": {"product": 1, "image": "images/products/91HwuuD8HeL._AC_SL1500__5O95XCO.jpg"}}, {"model": "product.productimages", "pk": 3, "fields": {"product": 1, "image": "images/products/91QqR55XhQL._AC_SL1500__8qRthUE.jpg"}}, {"model": "product.productimages", "pk": 4, "fields": {"product": 1, "image": "images/products/91rx2KE8YGL._AC_SL1500__VoEBRbb.jpg"}}, {"model": "product.productimages", "pk": 5, "fields": {"product": 1, "image": "images/products/918-cGeMaRL._AC_SL1500__fI0yTC3.jpg"}}, {"model": "product.productimages", "pk": 6, "fields": {"product": 2, "image": "images/products/61pUul1oDlL._AC_SL1500_.jpg"}}, {"model": "product.productimages", "pk": 7, "fields": {"product": 2, "image": "images/products/61RWEZEg58L._AC_SL1500_.jpg"}}, {"model": "product.productimages", "pk": 8, "fields": {"product": 2, "image": "images/products/71ot6CNUr4L._AC_SL1500_.jpg"}}, {"model": "product.productimages", "pk": 9, "fields": {"product": 2, "image": "images/products/71uyjnDANeL._AC_SL1500_.jpg"}}, {"model": "product.productimages", "pk": 10, "fields": {"product": 2, "image": "images/products/71X4aSJLm5L._AC_SL1500_.jpg"}}, {"model": "product.productimages", "pk": 11, "fields": {"product": 3, "image": "images/products/61dyWnHmVvL._AC_SL1200_.jpg"}}, {"model": "product.productimages", "pk": 12, "fields": {"product": 3, "image": "images/products/71qA45tWZ5L._AC_SL1500_.jpg"}}, {"model": "product.productimages", "pk": 13, "fields": {"product": 3, "image": "images/products/81bBCWykGtL._AC_SL1500_.jpg"}}, {"model": "product.productimages", "pk": 14, "fields": {"product": 3, "image": "images/products/81eDVv9rmAL._AC_SL1500_.jpg"}}, {"model": "product.productimages", "pk": 15, "fields": {"product": 3, "image": "images/products/816UlabTK3L._AC_SL1500_.jpg"}}, {"model": "product.productimages", "pk": 16, "fields": {"product": 4, "image": "images/products/81Tte45ADrL._AC_SL1500_.jpg"}}, {"model": "product.productimages", "pk": 17, "fields": {"product": 4, "image": "images/products/81YeTR70hsL._AC_SL1500_.jpg"}}, {"model": "product.productimages", "pk": 18, "fields": {"product": 4, "image": "images/products/81zsiJJnfL._AC_SL1500_.jpg"}}, {"model": "product.productimages", "pk": 19, "fields": {"product": 4, "image": "images/products/91fAU6mxFsL._AC_SL1500_.jpg"}}, {"model": "product.productimages", "pk": 20, "fields": {"product": 4, "image": "images/products/918LKJhnCjL._AC_SL1500_.jpg"}}, {"model": "product.productimages", "pk": 21, "fields": {"product": 5, "image": "images/products/71xWh67sBNL._AC_SL1500_.jpg"}}, {"model": "product.productimages", "pk": 22, "fields": {"product": 5, "image": "images/products/71zCpoPQeL._AC_SL1500_.jpg"}}, {"model": "product.productimages", "pk": 23, "fields": {"product": 5, "image": "images/products/81lEhUdazrL._AC_SL1500_.jpg"}}, {"model": "product.productimages", "pk": 24, "fields": {"product": 5, "image": "images/products/81VC-fhhl3L._AC_SL1500_.jpg"}}, {"model": "product.productimages", "pk": 25, "fields": {"product": 5, "image": "images/products/91ZYsD5u3jL._AC_SL1500_.jpg"}}, {"model": "product.productimages", "pk": 26, "fields": {"product": 6, "image": "images/products/61gAeGoRxdL._SL1500_.jpg"}}, {"model": "product.productimages", "pk": 27, "fields": {"product": 6, "image": "images/products/61K6cQhw4EL._SL1500_.jpg"}}, {"model": "product.productimages", "pk": 28, "fields": {"product": 6, "image": "images/products/71zJPMBJsgL._SL1500_.jpg"}}, {"model": "product.productimages", "pk": 29, "fields": {"product": 6, "image": "images/products/81t18mMF8NL._SL1500_.jpg"}}, {"model": "product.productimages", "pk": 30, "fields": {"product": 6, "image": "images/products/814iOXRhBmL._SL1500_.jpg"}}, {"model": "product.productimages", "pk": 31, "fields": {"product": 7, "image": "images/products/71Td07yjoUL._SL1500_.jpg"}}, {"model": "product.productimages", "pk": 32, "fields": {"product": 7, "image": "images/products/71ulKyagVL._SL1500_.jpg"}}, {"model": "product.productimages", "pk": 33, "fields": {"product": 7, "image": "images/products/71vW40IjkGL._SL1500_.jpg"}}, {"model": "product.productimages", "pk": 34, "fields": {"product": 7, "image": "images/products/81cp-Vmc4OL._SL1500_.jpg"}}, {"model": "product.productimages", "pk": 35, "fields": {"product": 7, "image": "images/products/81wzGqeNprL._SL1500_.jpg"}}, {"model": "product.productimages", "pk": 36, "fields": {"product": 8, "image": "images/products/71g7OHhwQEL._SL1500_.jpg"}}, {"model": "product.productimages", "pk": 37, "fields": {"product": 8, "image": "images/products/71PWiRZ1dlL._SL1500_.jpg"}}, {"model": "product.productimages", "pk": 38, "fields": {"product": 8, "image": "images/products/71WXrTVM8oL._SL1500_.jpg"}}, {"model": "product.productimages", "pk": 39, "fields": {"product": 8, "image": "images/products/81qZH0mElyL._SL1500_.jpg"}}, {"model": "product.productimages", "pk": 40, "fields": {"product": 8, "image": "images/products/91RVT46ElxL._SL1500_.jpg"}}, {"model": "product.productimages", "pk": 41, "fields": {"product": 9, "image": "images/products/61scf7kONPL._AC_SL1500_.jpg"}}, {"model": "product.productimages", "pk": 42, "fields": {"product": 9, "image": "images/products/71sdgc8rfL._AC_SL1500_.jpg"}}, {"model": "product.productimages", "pk": 43, "fields": {"product": 9, "image": "images/products/71X1jZe52OL._AC_SL1500_.jpg"}}, {"model": "product.productimages", "pk": 44, "fields": {"product": 9, "image": "images/products/81Svygkyo-L._AC_SL1500_.jpg"}}, {"model": "product.productimages", "pk": 45, "fields": {"product": 9, "image": "images/products/810foJhJnoL._AC_SL1500_.jpg"}}, {"model": "product.productimages", "pk": 46, "fields": {"product": 10, "image": "images/products/71ginG1zKBL._SL1500_.jpg"}}, {"model": "product.productimages", "pk": 47, "fields": {"product": 10, "image": "images/products/71SatjdKOlL._SL1500_.jpg"}}, {"model": "product.productimages", "pk": 48, "fields": {"product": 10, "image": "images/products/81fn0V8lbyL._SL1500_.jpg"}}, {"model": "product.productimages", "pk": 49, "fields": {"product": 10, "image": "images/products/81JL3tXzLL._SL1500_.jpg"}}, {"model": "product.productimages", "pk": 50, "fields": {"product": 10, "image": "images/products/716TGtNLzL._SL1500_.jpg"}}, {"model": "product.productimages", "pk": 51, "fields": {"product": 11, "image": "images/products/71qozq7-2BL._AC_SL1500_.jpg"}}, {"model": "product.productimages", "pk": 52, "fields": {"product": 11, "image": "images/products/71zBVQbjNLL._AC_SL1500_.jpg"}}, {"model": "product.productimages", "pk": 53, "fields": {"product": 11, "image": "images/products/81jvyb-pg-L._AC_SL1500_.jpg"}}, {"model": "product.productimages", "pk": 54, "fields": {"product": 11, "image": "images/products/91VUVxFSvRL._AC_SL1500_.jpg"}}, {"model": "product.productimages", "pk": 55, "fields": {"product": 11, "image": "images/products/819GMf9tfzL._AC_SL1500_.jpg"}}, {"model": "product.productimages", "pk": 56, "fields": {"product": 12, "image": "images/products/61FmwEUlM6L._AC_SL1080_.jpg"}}, {"model": "product.productimages", "pk": 57, "fields": {"product": 12, "image": "images/products/61zXcJE1yfL._AC_SL1300_.jpg"}}, {"model": "product.productimages", "pk": 58, "fields": {"product": 12, "image": "images/products/71NWYQu2iSL._AC_SL1500_.jpg"}}, {"model": "product.productimages", "pk": 59, "fields": {"product": 12, "image": "images/products/618-OgTpE0L._AC_SL1300_.jpg"}}, {"model": "product.productimages", "pk": 60, "fields": {"product": 12, "image": "images/products/8168gaYAVoL._AC_SL1500_.jpg"}}, {"model": "product.productimages", "pk": 61, "fields": {"product": 13, "image": "images/products/71Ljea11oL._AC_SL1500_.jpg"}}, {"model": "product.productimages", "pk": 62, "fields": {"product": 13, "image": "images/products/71wJ6xNNQTL._AC_SL1500_.jpg"}}, {"model": "product.productimages", "pk": 63, "fields": {"product": 13, "image": "images/products/71wQb2LWUkL._AC_SL1500_.jpg"}}, {"model": "product.productimages", "pk": 64, "fields": {"product": 13, "image": "images/products/81K35upJrHL._AC_SL1500_.jpg"}}, {"model": "product.productimages", "pk": 65, "fields": {"product": 13, "image": "images/products/8110qNq6k3L._AC_SL1500_.jpg"}}, {"model": "product.productimages", "pk": 66, "fields": {"product": 14, "image": "images/products/51KbY1F7eL._AC_.jpg"}}, {"model": "product.productimages", "pk": 67, "fields": {"product": 14, "image": "images/products/51yfNqSezyL._AC_.jpg"}}, {"model": "product.productimages", "pk": 68, "fields": {"product": 14, "image": "images/products/81WUTjJlwYL._AC_SL1500_.jpg"}}, {"model": "product.productimages", "pk": 69, "fields": {"product": 14, "image": "images/products/81XRRc-569L._AC_SL1500_.jpg"}}, {"model": "product.productimages", "pk": 70, "fields": {"product": 14, "image": "images/products/712A6lu3wuL._AC_SL1000_.jpg"}}, {"model": "product.productimages", "pk": 71, "fields": {"product": 15, "image": "images/products/81G7PrsxD4L._AC_SL1500_.jpg"}}, {"model": "product.productimages", "pk": 72, "fields": {"product": 15, "image": "images/products/81iJpxvl-7L._AC_SL1500_.jpg"}}, {"model": "product.productimages", "pk": 73, "fields": {"product": 15, "image": "images/products/81mgMOxXxlL._AC_SL1500_.jpg"}}, {"model": "product.productimages", "pk": 74, "fields": {"product": 15, "image": "images/products/81pZsZtYRpL._AC_SL1500_.jpg"}}, {"model": "product.productimages", "pk": 75, "fields": {"product": 15, "image": "images/products/81vLVQWZ2L._AC_SL1500_.jpg"}}, {"model": "product.productimages", "pk": 76, "fields": {"product": 16, "image": "images/products/61FqltqJyL._AC_SL1500_.jpg"}}, {"model": "product.productimages", "pk": 77, "fields": {"product": 16, "image": "images/products/71NHkoUMQL._AC_SL1500_.jpg"}}, {"model": "product.productimages", "pk": 78, "fields": {"product": 16, "image": "images/products/81tIm1Xb3dL._AC_SL1500_.jpg"}}, {"model": "product.productimages", "pk": 79, "fields": {"product": 16, "image": "images/products/81VeplrWHnL._AC_SL1500_.jpg"}}, {"model": "product.productimages", "pk": 80, "fields": {"product": 16, "image": "images/products/616aIQLk6mL._AC_SL1500_.jpg"}}, {"model": "product.productimages", "pk": 81, "fields": {"product": 17, "image": "images/products/51CeCou2KyL._AC_SL1500_.jpg"}}, {"model": "product.productimages", "pk": 82, "fields": {"product": 17, "image": "images/products/51l4AFpa3mL._AC_SL1500_.jpg"}}, {"model": "product.productimages", "pk": 83, "fields": {"product": 17, "image": "images/products/61OeePIPRUL._AC_SL1500_.jpg"}}, {"model": "product.productimages", "pk": 84, "fields": {"product": 17, "image": "images/products/71fOwbU0vpL._AC_SL1500_.jpg"}}, {"model": "product.productimages", "pk": 85, "fields": {"product": 17, "image": "images/products/6194m9TFsvL._AC_SL1500_.jpg"}}, {"model": "product.productimages", "pk": 86, "fields": {"product": 18, "image": "images/products/71FFRxa9bAL._AC_SL1450_.jpg"}}, {"model": "product.productimages", "pk": 87, "fields": {"product": 18, "image": "images/products/71jFrKjs75L._AC_SL1500_.jpg"}}, {"model": "product.productimages", "pk": 88, "fields": {"product": 18, "image": "images/products/71M4pqcDwCL._AC_SL1447_.jpg"}}, {"model": "product.productimages", "pk": 89, "fields": {"product": 18, "image": "images/products/71QZMBhDahL._AC_SL1500_.jpg"}}, {"model": "product.productimages", "pk": 90, "fields": {"product": 18, "image": "images/products/71SDMcJyc3L._AC_SL1500_.jpg"}}, {"model": "product.productimages", "pk": 91, "fields": {"product": 19, "image": "images/products/81iAq8wpvL._AC_SL1500_.jpg"}}, {"model": "product.productimages", "pk": 92, "fields": {"product": 19, "image": "images/products/81UPqFMXFzL._AC_SL1500_.jpg"}}, {"model": "product.productimages", "pk": 93, "fields": {"product": 19, "image": "images/products/81V6TV0hQIL._AC_SL1500_.jpg"}}, {"model": "product.productimages", "pk": 94, "fields": {"product": 19, "image": "images/products/91XHfzaElL._AC_SL1500_.jpg"}}, {"model": "product.productimages", "pk": 95, "fields": {"product": 19, "image": "images/products/8110IJDRg1L._AC_SL1500_.jpg"}}, {"model": "product.productimages", "pk": 96, "fields": {"product": 20, "image": "images/products/61p-HpwF07L._AC_SL1500_.jpg"}}, {"model": "product.productimages", "pk": 97, "fields": {"product": 20, "image": "images/products/71Tt0npOUdL._AC_SL1500_.jpg"}}, {"model": "product.productimages", "pk": 98, "fields": {"product": 20, "image": "images/products/71uEfETdzaL._AC_SL1500_.jpg"}}, {"model": "product.productimages", "pk": 99, "fields": {"product": 20, "image": "images/products/71vjroVtwKL._AC_SL1500_.jpg"}}, {"model": "product.productimages", "pk": 100, "fields": {"product": 20, "image": "images/products/715vYEpuaJL._AC_SL1500_.jpg"}}]